geometry,crossroad_count,road_length,shop_count,residential_area,commercial_area,industrial_area,railway_station_count,bicycle_lane_length,bus_station_count,start_count,end_count
"POLYGON ((121.1813943113648 30.98691269999999, 121.1813943113648 31.01771221189863, 121.1454617 31.01771221189863, 121.1454617 30.98691269999999, 121.1813943113648 30.98691269999999))",1,50336.96768354868,0,562347.5633722305,0.0,3289270.592271635,0,0.0,17,1,1
"POLYGON ((121.1813943113648 31.01771221189863, 121.1813943113648 31.04850177197812, 121.1454617 31.04850177197812, 121.1454617 31.01771221189863, 121.1813943113648 31.01771221189863))",10,62032.40408534861,2,2045154.2286466844,377636.5224102108,12515950.771673106,0,0.0,58,1,1
"POLYGON ((121.1813943113648 31.04850177197812, 121.1813943113648 31.07928137456562, 121.1454617 31.07928137456562, 121.1454617 31.04850177197812, 121.1813943113648 31.04850177197812))",0,49864.40560466245,0,817587.9322462219,348908.1048402977,386868.9016461974,0,4134.094785631323,23,1,1
"POLYGON ((121.1813943113648 31.07928137456562, 121.1813943113648 31.11005101400166, 121.1454617 31.11005101400166, 121.1454617 31.07928137456562, 121.1813943113648 31.07928137456562))",0,33740.49110125344,1,3207254.822643707,52330.775231851774,0.0,0,1350.2682699300829,50,1,1
"POLYGON ((121.1813943113648 31.11005101400166, 121.1813943113648 31.14081068464005, 121.1454617 31.14081068464005, 121.1454617 31.11005101400166, 121.1813943113648 31.11005101400166))",0,31957.13640010627,0,58278.05196171669,0.0,714749.5420672987,0,1309.766112422573,19,1,1
"POLYGON ((121.1813943113648 31.14081068464005, 121.1813943113648 31.17156038084794, 121.1454617 31.17156038084794, 121.1454617 31.14081068464005, 121.1813943113648 31.14081068464005))",14,75181.48198971259,1,1388982.4506612937,270578.5341923053,6856906.831491918,1,17651.1641310163,119,1,1
"POLYGON ((121.1813943113648 31.17156038084794, 121.1813943113648 31.2023000970058, 121.1454617 31.2023000970058, 121.1454617 31.17156038084794, 121.1813943113648 31.17156038084794))",4,87365.51060742486,0,609947.1242388941,19471.823275532923,7720390.838391871,1,0.0,48,1,1
"POLYGON ((121.1813943113648 31.2023000970058, 121.1813943113648 31.23302982750743, 121.1454617 31.23302982750743, 121.1454617 31.2023000970058, 121.1813943113648 31.2023000970058))",0,47560.14881469208,1,283755.05275182787,0.0,0.0,0,0.0,35,1,1
"POLYGON ((121.1813943113648 31.23302982750743, 121.1813943113648 31.26374956675991, 121.1454617 31.26374956675991, 121.1454617 31.23302982750743, 121.1813943113648 31.23302982750743))",0,24031.491781471064,3,1060562.7805596406,27993.8088008334,952858.3553450648,0,0.0,36,1,1
"POLYGON ((121.1813943113648 31.26374956675991, 121.1813943113648 31.29445930918367, 121.1454617 31.29445930918367, 121.1454617 31.26374956675991, 121.1813943113648 31.26374956675991))",10,78622.99579783503,50,3249784.6133266105,740792.5929141964,1154219.4323873967,1,5592.379115345747,46,1,1
"POLYGON ((121.1813943113648 31.29445930918367, 121.1813943113648 31.32515904921241, 121.1454617 31.32515904921241, 121.1454617 31.29445930918367, 121.1813943113648 31.29445930918367))",20,48393.85051746854,12,2156315.355951841,104381.41961215928,1625344.506730161,0,3298.0269041097104,57,1,1
"POLYGON ((121.1813943113648 31.32515904921241, 121.1813943113648 31.35584878129317, 121.1454617 31.35584878129317, 121.1454617 31.32515904921241, 121.1813943113648 31.32515904921241))",8,61715.73715402091,0,716664.0561440443,0.0,501371.3666123239,0,0.0,42,1,1
"POLYGON ((121.1813943113648 31.35584878129317, 121.1813943113648 31.38652849988624, 121.1454617 31.38652849988624, 121.1454617 31.35584878129317, 121.1813943113648 31.35584878129317))",9,41703.688010014215,1,775879.469869248,0.0,0.0,0,0.0,56,2,1
"POLYGON ((121.1813943113648 31.38652849988624, 121.1813943113648 31.41719819946523, 121.1454617 31.41719819946523, 121.1454617 31.38652849988624, 121.1813943113648 31.38652849988624))",0,32055.137648037587,0,0.0,0.0,0.0,0,0.0,20,1,1
"POLYGON ((121.1813943113648 31.41719819946523, 121.1813943113648 31.44785787451704, 121.1454617 31.44785787451704, 121.1454617 31.41719819946523, 121.1813943113648 31.41719819946523))",0,26234.83158789117,0,0.0,0.0,1154235.8719046186,0,0.0,18,1,1
"POLYGON ((121.1813943113648 31.44785787451704, 121.1813943113648 31.47850751954186, 121.1454617 31.47850751954186, 121.1454617 31.44785787451704, 121.1813943113648 31.44785787451704))",0,108528.14982459256,0,2592726.78760082,0.0,1161517.6311872597,0,0.0,7,1,1
"POLYGON ((121.1813943113648 31.47850751954186, 121.1813943113648 31.50914712905314, 121.1454617 31.50914712905314, 121.1454617 31.47850751954186, 121.1813943113648 31.47850751954186))",0,55873.19030684341,0,120133.332098195,0.0,468319.8977205104,0,0.0,1,1,1
"POLYGON ((121.2173269227296 30.98691269999999, 121.2173269227296 31.01771221189863, 121.1813943113648 31.01771221189863, 121.1813943113648 30.98691269999999, 121.2173269227296 30.98691269999999))",8,64000.69496173455,0,2119147.9186133654,80428.82186686633,648251.5677780336,0,0.0,109,1,1
"POLYGON ((121.2173269227296 31.01771221189863, 121.2173269227296 31.04850177197812, 121.1813943113648 31.04850177197812, 121.1813943113648 31.01771221189863, 121.2173269227296 31.01771221189863))",43,98870.63074498573,7,8575077.947312562,277841.3672185372,0.0,0,192.71026454382744,142,1,1
"POLYGON ((121.2173269227296 31.04850177197812, 121.2173269227296 31.07928137456562, 121.1813943113648 31.07928137456562, 121.1813943113648 31.04850177197812, 121.2173269227296 31.04850177197812))",10,67182.87639543002,1,1952118.342145795,23534.095356677928,0.0,0,4465.047584087618,65,1,1
"POLYGON ((121.2173269227296 31.07928137456562, 121.2173269227296 31.11005101400166, 121.1813943113648 31.11005101400166, 121.1813943113648 31.07928137456562, 121.2173269227296 31.07928137456562))",1,50579.30383077308,0,3000781.885089431,1564.6999560426946,0.0,0,7513.133546702276,34,1,1
"POLYGON ((121.2173269227296 31.11005101400166, 121.2173269227296 31.14081068464005, 121.1813943113648 31.14081068464005, 121.1813943113648 31.11005101400166, 121.2173269227296 31.11005101400166))",0,51962.823722453584,0,2146334.6086483244,0.0,3971149.992514636,0,13487.105196390828,106,1,1
"POLYGON ((121.2173269227296 31.14081068464005, 121.2173269227296 31.17156038084794, 121.1813943113648 31.17156038084794, 121.1813943113648 31.14081068464005, 121.2173269227296 31.14081068464005))",2,58172.75987049814,0,1827787.8725899607,0.0,1442805.8640980404,1,1850.1674150546112,65,2,3
"POLYGON ((121.2173269227296 31.17156038084794, 121.2173269227296 31.2023000970058, 121.1813943113648 31.2023000970058, 121.1813943113648 31.17156038084794, 121.2173269227296 31.17156038084794))",4,58184.24596961081,1,510215.57984360855,424321.4983781488,47785.78574982109,0,1142.8331663964093,49,1,1
"POLYGON ((121.2173269227296 31.2023000970058, 121.2173269227296 31.23302982750743, 121.1813943113648 31.23302982750743, 121.1813943113648 31.2023000970058, 121.2173269227296 31.2023000970058))",8,55645.99620008827,0,422542.5202623772,115169.10444089196,45421.587016040656,0,0.0,46,1,1
"POLYGON ((121.2173269227296 31.23302982750743, 121.2173269227296 31.26374956675991, 121.1813943113648 31.26374956675991, 121.1813943113648 31.23302982750743, 121.2173269227296 31.23302982750743))",2,47682.05923924488,1,213408.10119817805,0.0,319934.77322651,0,0.0,52,1,1
"POLYGON ((121.2173269227296 31.26374956675991, 121.2173269227296 31.29445930918367, 121.1813943113648 31.29445930918367, 121.1813943113648 31.26374956675991, 121.2173269227296 31.26374956675991))",16,65221.16478963164,8,2121538.454268598,181261.05138622803,96314.07741200714,0,0.0,57,1,2
"POLYGON ((121.2173269227296 31.29445930918367, 121.2173269227296 31.32515904921241, 121.1813943113648 31.32515904921241, 121.1813943113648 31.29445930918367, 121.2173269227296 31.29445930918367))",8,43065.32282883575,0,595035.6293201611,0.0,131233.71637118055,0,0.0,58,1,1
"POLYGON ((121.2173269227296 31.32515904921241, 121.2173269227296 31.35584878129317, 121.1813943113648 31.35584878129317, 121.1813943113648 31.32515904921241, 121.2173269227296 31.32515904921241))",10,71604.85950158264,0,88494.57541988837,0.0,612481.2731227757,0,0.0,46,1,1
"POLYGON ((121.2173269227296 31.35584878129317, 121.2173269227296 31.38652849988624, 121.1813943113648 31.38652849988624, 121.1813943113648 31.35584878129317, 121.2173269227296 31.35584878129317))",0,39963.75206843828,0,12390.554592312352,0.0,0.0,0,0.0,42,1,1
"POLYGON ((121.2173269227296 31.38652849988624, 121.2173269227296 31.41719819946523, 121.1813943113648 31.41719819946523, 121.1813943113648 31.38652849988624, 121.2173269227296 31.38652849988624))",0,51780.65310115747,0,2102110.9513423103,0.0,53701.15041956901,0,0.0,50,1,1
"POLYGON ((121.2173269227296 31.41719819946523, 121.2173269227296 31.44785787451704, 121.1813943113648 31.44785787451704, 121.1813943113648 31.41719819946523, 121.2173269227296 31.41719819946523))",0,48014.93953978887,0,0.0,0.0,4464233.225745489,0,0.0,47,1,1
"POLYGON ((121.2173269227296 31.44785787451704, 121.2173269227296 31.47850751954186, 121.1813943113648 31.47850751954186, 121.1813943113648 31.44785787451704, 121.2173269227296 31.44785787451704))",0,27470.94589597517,0,1092806.651147805,0.0,534823.5055288973,0,0.0,11,1,1
"POLYGON ((121.2173269227296 31.47850751954186, 121.2173269227296 31.50914712905314, 121.1813943113648 31.50914712905314, 121.1813943113648 31.47850751954186, 121.2173269227296 31.47850751954186))",0,35066.18848941736,0,158445.91550136195,0.0,3274394.216642239,0,0.0,3,1,1
"POLYGON ((121.2532595340943 30.98691269999999, 121.2532595340943 31.01771221189863, 121.2173269227296 31.01771221189863, 121.2173269227296 30.98691269999999, 121.2532595340943 30.98691269999999))",1,57283.85828106306,4,2458352.00371107,13953.281843756597,8652.01440734506,2,0.0,127,1,1
"POLYGON ((121.2532595340943 31.01771221189863, 121.2532595340943 31.04850177197812, 121.2173269227296 31.04850177197812, 121.2173269227296 31.01771221189863, 121.2532595340943 31.01771221189863))",24,108039.56281110228,7,3717338.795908548,156243.7278734838,2558634.853811106,2,253.8702735794716,132,2,1
"POLYGON ((121.2532595340943 31.04850177197812, 121.2532595340943 31.07928137456562, 121.2173269227296 31.07928137456562, 121.2173269227296 31.04850177197812, 121.2532595340943 31.04850177197812))",21,60374.81129623005,3,3286143.458510359,4985607.831320602,248159.1840020581,0,2550.461942536692,97,5,5
"POLYGON ((121.2532595340943 31.07928137456562, 121.2532595340943 31.11005101400166, 121.2173269227296 31.11005101400166, 121.2173269227296 31.07928137456562, 121.2532595340943 31.07928137456562))",0,58225.158967376185,2,2032342.5645116707,0.0,1456516.8740936324,0,3124.4864240913003,96,10,9
"POLYGON ((121.2532595340943 31.11005101400166, 121.2532595340943 31.14081068464005, 121.2173269227296 31.14081068464005, 121.2173269227296 31.11005101400166, 121.2532595340943 31.11005101400166))",0,42931.325580074175,2,3623393.257209212,0.0,15026.361275690526,0,2616.838680393852,87,8,15
"POLYGON ((121.2532595340943 31.14081068464005, 121.2532595340943 31.17156038084794, 121.2173269227296 31.17156038084794, 121.2173269227296 31.14081068464005, 121.2532595340943 31.14081068464005))",19,62821.829119620896,239,1540071.8911453185,447295.74789219856,130109.72396922502,1,7232.847509235464,44,6,2
"POLYGON ((121.2532595340943 31.17156038084794, 121.2532595340943 31.2023000970058, 121.2173269227296 31.2023000970058, 121.2173269227296 31.17156038084794, 121.2532595340943 31.17156038084794))",4,73234.09636972888,0,714306.7192819592,0.0,25788.250337189973,2,876.6764703216887,110,8,14
"POLYGON ((121.2532595340943 31.2023000970058, 121.2532595340943 31.23302982750743, 121.2173269227296 31.23302982750743, 121.2173269227296 31.2023000970058, 121.2532595340943 31.2023000970058))",0,86383.11419591962,0,170845.20950068807,447796.99035039794,11505.914217413349,0,889.8468725822568,55,3,1
"POLYGON ((121.2532595340943 31.23302982750743, 121.2532595340943 31.26374956675991, 121.2173269227296 31.26374956675991, 121.2173269227296 31.23302982750743, 121.2532595340943 31.23302982750743))",7,61124.90567658556,1,1351192.6846590084,0.0,0.0,0,0.0,62,1,4
"POLYGON ((121.2532595340943 31.26374956675991, 121.2532595340943 31.29445930918367, 121.2173269227296 31.29445930918367, 121.2173269227296 31.26374956675991, 121.2532595340943 31.26374956675991))",18,67705.26780703264,1,1514057.981510655,0.0,344583.4461135284,0,0.0,39,3,3
"POLYGON ((121.2532595340943 31.29445930918367, 121.2532595340943 31.32515904921241, 121.2173269227296 31.32515904921241, 121.2173269227296 31.29445930918367, 121.2532595340943 31.29445930918367))",7,53576.029847119775,0,113438.81241907856,0.0,152267.0848977723,0,811.2379207831875,39,1,1
"POLYGON ((121.2532595340943 31.32515904921241, 121.2532595340943 31.35584878129317, 121.2173269227296 31.35584878129317, 121.2173269227296 31.32515904921241, 121.2532595340943 31.32515904921241))",4,85408.54025320869,1,932456.4097792422,0.0,0.0,0,0.0,83,13,16
"POLYGON ((121.2532595340943 31.35584878129317, 121.2532595340943 31.38652849988624, 121.2173269227296 31.38652849988624, 121.2173269227296 31.35584878129317, 121.2532595340943 31.35584878129317))",8,119657.62330843593,9,451595.898815524,9690.543863254848,136641.3918477287,0,2178.1653403701525,147,25,23
"POLYGON ((121.2532595340943 31.38652849988624, 121.2532595340943 31.41719819946523, 121.2173269227296 31.41719819946523, 121.2173269227296 31.38652849988624, 121.2532595340943 31.38652849988624))",0,72345.59667471857,3,945729.4778094394,3371.4057668304267,178317.76729096612,0,148.72067197515508,119,4,4
"POLYGON ((121.2532595340943 31.41719819946523, 121.2532595340943 31.44785787451704, 121.2173269227296 31.44785787451704, 121.2173269227296 31.41719819946523, 121.2532595340943 31.41719819946523))",0,23518.970329949418,0,0.0,0.0,0.0,0,0.0,20,1,1
"POLYGON ((121.2532595340943 31.44785787451704, 121.2532595340943 31.47850751954186, 121.2173269227296 31.47850751954186, 121.2173269227296 31.44785787451704, 121.2532595340943 31.44785787451704))",0,15010.703836382512,0,47473.67149384003,0.0,0.0,0,0.0,44,1,1
"POLYGON ((121.2532595340943 31.47850751954186, 121.2532595340943 31.50914712905314, 121.2173269227296 31.50914712905314, 121.2173269227296 31.47850751954186, 121.2532595340943 31.47850751954186))",0,14738.259809387531,0,0.0,0.0,1023257.5454717572,0,0.0,2,1,1
"POLYGON ((121.2891921454591 30.98691269999999, 121.2891921454591 31.01771221189863, 121.2532595340943 31.01771221189863, 121.2532595340943 30.98691269999999, 121.2891921454591 30.98691269999999))",0,77986.30604064933,5,1626458.6503828308,181491.7302126581,3561076.9478494897,0,71.13910938368764,75,1,1
"POLYGON ((121.2891921454591 31.01771221189863, 121.2891921454591 31.04850177197812, 121.2532595340943 31.04850177197812, 121.2532595340943 31.01771221189863, 121.2891921454591 31.01771221189863))",1,77989.993497268,1,81586.01543353482,0.0,11145123.321289698,0,0.0,62,1,1
"POLYGON ((121.2891921454591 31.04850177197812, 121.2891921454591 31.07928137456562, 121.2532595340943 31.07928137456562, 121.2532595340943 31.04850177197812, 121.2891921454591 31.04850177197812))",19,63904.73582831796,0,906089.6330121204,1243997.362348042,3927146.489595893,0,2119.567079139536,43,1,1
"POLYGON ((121.2891921454591 31.07928137456562, 121.2891921454591 31.11005101400166, 121.2532595340943 31.11005101400166, 121.2532595340943 31.07928137456562, 121.2891921454591 31.07928137456562))",49,63651.78814899291,3,2474975.013763272,36604.073939258014,948783.7837996156,0,5085.118327397655,79,5,5
"POLYGON ((121.2891921454591 31.11005101400166, 121.2891921454591 31.14081068464005, 121.2532595340943 31.14081068464005, 121.2532595340943 31.11005101400166, 121.2891921454591 31.11005101400166))",0,42872.430918195256,4,3310567.115782263,21506.2850914779,2241670.503133596,0,0.0,81,19,14
"POLYGON ((121.2891921454591 31.14081068464005, 121.2891921454591 31.17156038084794, 121.2532595340943 31.17156038084794, 121.2532595340943 31.14081068464005, 121.2891921454591 31.14081068464005))",2,97130.08169783824,6,2630696.4075353662,124848.40720222812,2682330.771950435,0,17295.5719395214,54,50,54
"POLYGON ((121.2891921454591 31.17156038084794, 121.2891921454591 31.2023000970058, 121.2532595340943 31.2023000970058, 121.2532595340943 31.17156038084794, 121.2891921454591 31.17156038084794))",32,151167.0860498818,11,2382479.3299202523,145354.8045830446,280787.8537196508,3,13071.249682781783,108,45,55
"POLYGON ((121.2891921454591 31.2023000970058, 121.2891921454591 31.23302982750743, 121.2532595340943 31.23302982750743, 121.2532595340943 31.2023000970058, 121.2891921454591 31.2023000970058))",20,97704.79604117438,22,2103192.366894392,33241.36030009156,1057509.5424449898,5,1988.8899946988615,75,63,60
"POLYGON ((121.2891921454591 31.23302982750743, 121.2891921454591 31.26374956675991, 121.2532595340943 31.26374956675991, 121.2532595340943 31.23302982750743, 121.2891921454591 31.23302982750743))",5,42330.897079923554,11,219898.7873945969,134033.22410589032,0.0,0,5775.837445299183,44,11,13
"POLYGON ((121.2891921454591 31.26374956675991, 121.2891921454591 31.29445930918367, 121.2532595340943 31.29445930918367, 121.2532595340943 31.26374956675991, 121.2891921454591 31.26374956675991))",10,53372.843938761136,0,33117.54975684271,0.0,88676.87411169865,0,532.13149116284,32,19,26
"POLYGON ((121.2891921454591 31.29445930918367, 121.2891921454591 31.32515904921241, 121.2532595340943 31.32515904921241, 121.2532595340943 31.29445930918367, 121.2891921454591 31.29445930918367))",0,60849.77288486055,5,136899.683126006,0.0,0.0,0,17840.253812143936,57,18,16
"POLYGON ((121.2891921454591 31.32515904921241, 121.2891921454591 31.35584878129317, 121.2532595340943 31.35584878129317, 121.2532595340943 31.32515904921241, 121.2891921454591 31.32515904921241))",11,63054.36768669648,3,335805.47773610067,71492.31723671826,0.0,0,0.0,83,13,14
"POLYGON ((121.2891921454591 31.35584878129317, 121.2891921454591 31.38652849988624, 121.2532595340943 31.38652849988624, 121.2532595340943 31.35584878129317, 121.2891921454591 31.35584878129317))",2,65764.19366894354,7,188278.37785950568,0.0,0.0,0,0.0,82,6,12
"POLYGON ((121.2891921454591 31.38652849988624, 121.2891921454591 31.41719819946523, 121.2532595340943 31.41719819946523, 121.2532595340943 31.38652849988624, 121.2891921454591 31.38652849988624))",0,44579.691980785705,1,0.0,0.0,0.0,0,0.0,92,1,1
"POLYGON ((121.2891921454591 31.41719819946523, 121.2891921454591 31.44785787451704, 121.2532595340943 31.44785787451704, 121.2532595340943 31.41719819946523, 121.2891921454591 31.41719819946523))",0,24440.63260718853,0,0.0,0.0,0.0,0,0.0,40,1,1
"POLYGON ((121.2891921454591 31.44785787451704, 121.2891921454591 31.47850751954186, 121.2532595340943 31.47850751954186, 121.2532595340943 31.44785787451704, 121.2891921454591 31.44785787451704))",6,20991.25231371251,0,178669.307716795,0.0,0.0,0,0.0,35,1,1
"POLYGON ((121.2891921454591 31.47850751954186, 121.2891921454591 31.50914712905314, 121.2532595340943 31.50914712905314, 121.2532595340943 31.47850751954186, 121.2891921454591 31.47850751954186))",2,15619.452011346466,0,47540.59831256402,0.0,2287299.9046200463,0,0.0,20,1,1
"POLYGON ((121.3251247568239 30.98691269999999, 121.3251247568239 31.01771221189863, 121.2891921454591 31.01771221189863, 121.2891921454591 30.98691269999999, 121.3251247568239 30.98691269999999))",0,84108.15714392561,0,213069.8686812118,0.0,758062.2890247293,0,1158.7116734792514,39,1,1
"POLYGON ((121.3251247568239 31.01771221189863, 121.3251247568239 31.04850177197812, 121.2891921454591 31.04850177197812, 121.2891921454591 31.01771221189863, 121.3251247568239 31.01771221189863))",0,36151.65292802692,0,221500.26844444056,0.0,2521796.80654078,0,0.0,55,1,1
"POLYGON ((121.3251247568239 31.04850177197812, 121.3251247568239 31.07928137456562, 121.2891921454591 31.07928137456562, 121.2891921454591 31.04850177197812, 121.3251247568239 31.04850177197812))",4,86121.970417429,0,1009253.8709805168,0.0,2230281.214523,0,0.0,74,8,9
"POLYGON ((121.3251247568239 31.07928137456562, 121.3251247568239 31.11005101400166, 121.2891921454591 31.11005101400166, 121.2891921454591 31.07928137456562, 121.3251247568239 31.07928137456562))",2,81052.51600911493,1,1972347.406192048,0.0,1116673.7035282657,0,0.0,37,2,4
"POLYGON ((121.3251247568239 31.11005101400166, 121.3251247568239 31.14081068464005, 121.2891921454591 31.14081068464005, 121.2891921454591 31.11005101400166, 121.3251247568239 31.11005101400166))",18,95730.8776732582,17,2530388.928875352,144604.8896401596,5607828.026733358,1,0.0,93,151,179
"POLYGON ((121.3251247568239 31.14081068464005, 121.3251247568239 31.17156038084794, 121.2891921454591 31.17156038084794, 121.2891921454591 31.14081068464005, 121.3251247568239 31.14081068464005))",4,110173.31107560411,47,6392840.213931367,362148.5013238751,487262.9881738347,0,6382.255487756465,101,144,134
"POLYGON ((121.3251247568239 31.17156038084794, 121.3251247568239 31.2023000970058, 121.2891921454591 31.2023000970058, 121.2891921454591 31.17156038084794, 121.3251247568239 31.17156038084794))",41,210026.97815872595,21,2378559.8969540983,759335.6402813112,0.0,8,24467.254186900445,123,240,243
"POLYGON ((121.3251247568239 31.2023000970058, 121.3251247568239 31.23302982750743, 121.2891921454591 31.23302982750743, 121.2891921454591 31.2023000970058, 121.3251247568239 31.2023000970058))",93,154874.06161758193,30,1835536.5570398269,1281273.7264803103,143739.1596964396,1,12547.22679159298,100,352,372
"POLYGON ((121.3251247568239 31.23302982750743, 121.3251247568239 31.26374956675991, 121.2891921454591 31.26374956675991, 121.2891921454591 31.23302982750743, 121.3251247568239 31.23302982750743))",15,116165.71538942674,4,2087845.2003913133,0.0,174617.98963574294,1,26616.789526695506,66,816,821
"POLYGON ((121.3251247568239 31.26374956675991, 121.3251247568239 31.29445930918367, 121.2891921454591 31.29445930918367, 121.2891921454591 31.26374956675991, 121.3251247568239 31.26374956675991))",21,105746.563880974,10,908523.0545446326,205355.08145685404,173979.5111732717,2,17839.3920692708,88,417,467
"POLYGON ((121.3251247568239 31.29445930918367, 121.3251247568239 31.32515904921241, 121.2891921454591 31.32515904921241, 121.2891921454591 31.29445930918367, 121.3251247568239 31.29445930918367))",14,100741.31745249868,5,550202.6771978089,0.0,0.0,0,10557.276316144087,95,557,555
"POLYGON ((121.3251247568239 31.32515904921241, 121.3251247568239 31.35584878129317, 121.2891921454591 31.35584878129317, 121.2891921454591 31.32515904921241, 121.3251247568239 31.32515904921241))",4,47900.25477930779,0,0.0,0.0,0.0,0,0.0,43,2,1
"POLYGON ((121.3251247568239 31.35584878129317, 121.3251247568239 31.38652849988624, 121.2891921454591 31.38652849988624, 121.2891921454591 31.35584878129317, 121.3251247568239 31.35584878129317))",4,37180.89096375291,0,0.0,0.0,0.0,0,0.0,38,1,1
"POLYGON ((121.3251247568239 31.38652849988624, 121.3251247568239 31.41719819946523, 121.2891921454591 31.41719819946523, 121.2891921454591 31.38652849988624, 121.3251247568239 31.38652849988624))",12,55693.53186175833,0,0.0,0.0,0.0,0,0.0,17,1,1
"POLYGON ((121.3251247568239 31.41719819946523, 121.3251247568239 31.44785787451704, 121.2891921454591 31.44785787451704, 121.2891921454591 31.41719819946523, 121.3251247568239 31.41719819946523))",0,55861.23768091432,0,0.0,0.0,0.0,0,0.0,35,1,1
"POLYGON ((121.3251247568239 31.44785787451704, 121.3251247568239 31.47850751954186, 121.2891921454591 31.47850751954186, 121.2891921454591 31.44785787451704, 121.3251247568239 31.44785787451704))",0,29532.45593970347,0,53566.02253260448,0.0,0.0,0,0.0,40,1,1
"POLYGON ((121.3251247568239 31.47850751954186, 121.3251247568239 31.50914712905314, 121.2891921454591 31.50914712905314, 121.2891921454591 31.47850751954186, 121.3251247568239 31.47850751954186))",0,24078.52907727485,0,362579.4014956411,0.0,0.0,0,0.0,35,1,1
"POLYGON ((121.3610573681887 30.98691269999999, 121.3610573681887 31.01771221189863, 121.3251247568239 31.01771221189863, 121.3251247568239 30.98691269999999, 121.3610573681887 30.98691269999999))",1,60610.73048845545,0,1596.7750651888084,41315.47440333858,3387278.9394242703,0,0.0,47,1,1
"POLYGON ((121.3610573681887 31.01771221189863, 121.3610573681887 31.04850177197812, 121.3251247568239 31.04850177197812, 121.3251247568239 31.01771221189863, 121.3610573681887 31.01771221189863))",0,65033.47498089477,0,1853962.3699183064,283698.43955131853,477903.0770666321,0,0.0,32,1,1
"POLYGON ((121.3610573681887 31.04850177197812, 121.3610573681887 31.07928137456562, 121.3251247568239 31.07928137456562, 121.3251247568239 31.04850177197812, 121.3610573681887 31.04850177197812))",1,44320.29897444002,0,3153396.98553182,0.0,1731678.180412215,0,4607.946050774181,62,14,13
"POLYGON ((121.3610573681887 31.07928137456562, 121.3610573681887 31.11005101400166, 121.3251247568239 31.11005101400166, 121.3251247568239 31.07928137456562, 121.3610573681887 31.07928137456562))",7,82640.90482847088,0,7943497.688482298,0.0,214359.5457520837,0,1831.1971971958865,99,53,62
"POLYGON ((121.3610573681887 31.11005101400166, 121.3610573681887 31.14081068464005, 121.3251247568239 31.14081068464005, 121.3251247568239 31.11005101400166, 121.3610573681887 31.11005101400166))",7,131201.15072347896,15,4408023.570706696,198226.26030745747,151362.38744436024,1,0.0,88,256,249
"POLYGON ((121.3610573681887 31.14081068464005, 121.3610573681887 31.17156038084794, 121.3251247568239 31.17156038084794, 121.3251247568239 31.14081068464005, 121.3610573681887 31.14081068464005))",36,123253.02128785006,57,3811248.3313954296,531048.1002136494,470485.6548650072,4,6346.849488558886,92,718,755
"POLYGON ((121.3610573681887 31.17156038084794, 121.3610573681887 31.2023000970058, 121.3251247568239 31.2023000970058, 121.3251247568239 31.17156038084794, 121.3610573681887 31.17156038084794))",50,140526.44256928167,7,1028763.080116782,88674.75685160329,63596.52261531493,2,20990.665129120127,73,284,249
"POLYGON ((121.3610573681887 31.2023000970058, 121.3610573681887 31.23302982750743, 121.3251247568239 31.23302982750743, 121.3251247568239 31.2023000970058, 121.3610573681887 31.2023000970058))",40,159024.8166643664,92,2848492.3303069016,1259218.6319048852,135091.27812570086,1,38701.94008328604,90,858,924
"POLYGON ((121.3610573681887 31.23302982750743, 121.3610573681887 31.26374956675991, 121.3251247568239 31.26374956675991, 121.3251247568239 31.23302982750743, 121.3610573681887 31.23302982750743))",107,144766.32411707478,7,1230288.79480718,336712.0099235026,413969.8891560869,4,46429.18379845979,101,1128,1127
"POLYGON ((121.3610573681887 31.26374956675991, 121.3610573681887 31.29445930918367, 121.3251247568239 31.29445930918367, 121.3251247568239 31.26374956675991, 121.3610573681887 31.26374956675991))",47,105116.30028669396,2,908697.6664119322,0.0,0.0,3,22861.76467801081,79,999,1007
"POLYGON ((121.3610573681887 31.29445930918367, 121.3610573681887 31.32515904921241, 121.3251247568239 31.32515904921241, 121.3251247568239 31.29445930918367, 121.3610573681887 31.29445930918367))",8,76611.67243077577,0,182962.5901954928,0.0,64679.503454441234,0,6857.800504176988,41,169,173
"POLYGON ((121.3610573681887 31.32515904921241, 121.3610573681887 31.35584878129317, 121.3251247568239 31.35584878129317, 121.3251247568239 31.32515904921241, 121.3610573681887 31.32515904921241))",4,80342.64145730104,1,491368.876458208,0.0,0.0,0,7180.265981802654,46,49,62
"POLYGON ((121.3610573681887 31.35584878129317, 121.3610573681887 31.38652849988624, 121.3251247568239 31.38652849988624, 121.3251247568239 31.35584878129317, 121.3610573681887 31.35584878129317))",16,86997.60180766309,2,851973.7193638468,50864.90229848076,0.0,0,0.0,52,28,25
"POLYGON ((121.3610573681887 31.38652849988624, 121.3610573681887 31.41719819946523, 121.3251247568239 31.41719819946523, 121.3251247568239 31.38652849988624, 121.3610573681887 31.38652849988624))",18,84284.78922563276,1,860188.0962537467,0.0,0.0,0,1021.6866237772236,107,70,71
"POLYGON ((121.3610573681887 31.41719819946523, 121.3610573681887 31.44785787451704, 121.3251247568239 31.44785787451704, 121.3251247568239 31.41719819946523, 121.3610573681887 31.41719819946523))",4,38565.08057385298,1,0.0,0.0,152256.72464404683,0,0.0,57,6,6
"POLYGON ((121.3610573681887 31.44785787451704, 121.3610573681887 31.47850751954186, 121.3251247568239 31.47850751954186, 121.3251247568239 31.44785787451704, 121.3610573681887 31.44785787451704))",3,52221.79639144553,0,241301.839364174,0.0,508101.1486155565,0,0.0,31,1,1
"POLYGON ((121.3610573681887 31.47850751954186, 121.3610573681887 31.50914712905314, 121.3251247568239 31.50914712905314, 121.3251247568239 31.47850751954186, 121.3610573681887 31.47850751954186))",0,25909.78719379843,0,453081.5525316303,0.0,137642.43346759892,0,0.0,20,1,1
"POLYGON ((121.3969899795535 30.98691269999999, 121.3969899795535 31.01771221189863, 121.3610573681887 31.01771221189863, 121.3610573681887 30.98691269999999, 121.3969899795535 30.98691269999999))",6,50024.93224089297,0,1353015.9024479797,0.0,10918991.55393916,0,5647.835626080414,61,9,10
"POLYGON ((121.3969899795535 31.01771221189863, 121.3969899795535 31.04850177197812, 121.3610573681887 31.04850177197812, 121.3610573681887 31.01771221189863, 121.3969899795535 31.01771221189863))",1,112257.04815490507,1,2144751.631298577,0.0,2472788.722697132,0,6808.24623252356,101,8,6
"POLYGON ((121.3969899795535 31.04850177197812, 121.3969899795535 31.07928137456562, 121.3610573681887 31.07928137456562, 121.3610573681887 31.04850177197812, 121.3969899795535 31.04850177197812))",2,65511.1032877766,3,1604584.6587277672,0.0,12710250.470918868,0,20336.43417591808,87,24,29
"POLYGON ((121.3969899795535 31.07928137456562, 121.3969899795535 31.11005101400166, 121.3610573681887 31.11005101400166, 121.3610573681887 31.07928137456562, 121.3969899795535 31.07928137456562))",42,91791.54972698203,28,4528952.458993629,46822.5463901017,3658464.813674942,0,31860.538370906652,94,361,365
"POLYGON ((121.3969899795535 31.11005101400166, 121.3969899795535 31.14081068464005, 121.3610573681887 31.14081068464005, 121.3610573681887 31.11005101400166, 121.3969899795535 31.11005101400166))",58,143177.1854810133,43,4763978.13662798,121024.95039278393,0.0,4,15738.036158593835,175,626,618
"POLYGON ((121.3969899795535 31.14081068464005, 121.3969899795535 31.17156038084794, 121.3610573681887 31.17156038084794, 121.3610573681887 31.14081068464005, 121.3969899795535 31.14081068464005))",43,88752.28744746005,20,4825647.418527973,431863.30318638217,112672.99350623813,5,33511.70107974486,135,846,834
"POLYGON ((121.3969899795535 31.17156038084794, 121.3969899795535 31.2023000970058, 121.3610573681887 31.2023000970058, 121.3610573681887 31.17156038084794, 121.3969899795535 31.17156038084794))",34,122547.85853922424,53,4568815.934044912,290321.83021999686,68674.03134631664,5,43755.732797991936,137,1021,1007
"POLYGON ((121.3969899795535 31.2023000970058, 121.3969899795535 31.23302982750743, 121.3610573681887 31.23302982750743, 121.3610573681887 31.2023000970058, 121.3969899795535 31.2023000970058))",21,185475.0413159929,304,3436842.831009653,323807.0275293951,113536.38993775222,3,53860.38639495574,130,1800,1743
"POLYGON ((121.3969899795535 31.23302982750743, 121.3969899795535 31.26374956675991, 121.3610573681887 31.26374956675991, 121.3610573681887 31.23302982750743, 121.3969899795535 31.23302982750743))",162,131916.9927477283,24,4723855.282197263,709586.77046139,81016.29341028878,6,25086.133473594826,173,2667,2651
"POLYGON ((121.3969899795535 31.26374956675991, 121.3969899795535 31.29445930918367, 121.3610573681887 31.29445930918367, 121.3610573681887 31.26374956675991, 121.3969899795535 31.26374956675991))",18,80042.09917401016,1,1982203.9261157056,215395.09016176045,64367.607380148576,5,1653.3545838488428,77,1381,1430
"POLYGON ((121.3969899795535 31.29445930918367, 121.3969899795535 31.32515904921241, 121.3610573681887 31.32515904921241, 121.3610573681887 31.29445930918367, 121.3969899795535 31.29445930918367))",0,73417.74070559701,12,3834543.0193247767,98511.77969150012,0.0,4,0.0,83,857,860
"POLYGON ((121.3969899795535 31.32515904921241, 121.3969899795535 31.35584878129317, 121.3610573681887 31.35584878129317, 121.3610573681887 31.32515904921241, 121.3969899795535 31.32515904921241))",12,81346.97331564892,7,2150776.373980928,0.0,0.0,1,9687.515698579602,51,284,261
"POLYGON ((121.3969899795535 31.35584878129317, 121.3969899795535 31.38652849988624, 121.3610573681887 31.38652849988624, 121.3610573681887 31.35584878129317, 121.3969899795535 31.35584878129317))",16,57304.91650670949,0,503083.7009679664,0.0,2150.3822327114945,0,2832.285166807222,53,157,173
"POLYGON ((121.3969899795535 31.38652849988624, 121.3969899795535 31.41719819946523, 121.3610573681887 31.41719819946523, 121.3610573681887 31.38652849988624, 121.3969899795535 31.38652849988624))",0,33492.71001912226,0,0.0,0.0,0.0,0,0.0,21,8,5
"POLYGON ((121.3969899795535 31.41719819946523, 121.3969899795535 31.44785787451704, 121.3610573681887 31.44785787451704, 121.3610573681887 31.41719819946523, 121.3969899795535 31.41719819946523))",0,41723.22745815102,0,0.0,0.0,0.0,0,0.0,22,1,1
"POLYGON ((121.3969899795535 31.44785787451704, 121.3969899795535 31.47850751954186, 121.3610573681887 31.47850751954186, 121.3610573681887 31.44785787451704, 121.3969899795535 31.44785787451704))",3,58358.8874346739,0,189874.72981640525,0.0,2910794.0228597093,0,0.0,30,1,1
"POLYGON ((121.3969899795535 31.47850751954186, 121.3969899795535 31.50914712905314, 121.3610573681887 31.50914712905314, 121.3610573681887 31.47850751954186, 121.3969899795535 31.47850751954186))",0,9352.46421180048,0,0.0,0.0,1177063.3003064056,0,0.0,0,1,1
"POLYGON ((121.4329225909182 30.98691269999999, 121.4329225909182 31.01771221189863, 121.3969899795535 31.01771221189863, 121.3969899795535 30.98691269999999, 121.4329225909182 30.98691269999999))",33,87309.17823100706,49,5155297.404039982,185602.10008079043,2368388.379981887,1,11514.258021024918,115,25,27
"POLYGON ((121.4329225909182 31.01771221189863, 121.4329225909182 31.04850177197812, 121.3969899795535 31.04850177197812, 121.3969899795535 31.01771221189863, 121.4329225909182 31.01771221189863))",23,149694.85744153743,22,3209229.863148997,93817.39804743756,641787.070715101,0,15046.436901627016,106,21,26
"POLYGON ((121.4329225909182 31.04850177197812, 121.4329225909182 31.07928137456562, 121.3969899795535 31.07928137456562, 121.3969899795535 31.04850177197812, 121.4329225909182 31.04850177197812))",3,63478.85873834188,1,1704758.2364905812,374193.6256536997,1119955.4841636189,0,4815.093716806513,69,38,29
"POLYGON ((121.4329225909182 31.07928137456562, 121.4329225909182 31.11005101400166, 121.3969899795535 31.11005101400166, 121.3969899795535 31.07928137456562, 121.4329225909182 31.07928137456562))",11,99663.33136522246,9,3745931.95251661,12813.18375421032,454623.9875379989,0,11252.926118926329,91,164,161
"POLYGON ((121.4329225909182 31.11005101400166, 121.4329225909182 31.14081068464005, 121.3969899795535 31.14081068464005, 121.3969899795535 31.11005101400166, 121.4329225909182 31.11005101400166))",116,112631.08531639,34,3557263.0846620537,2971.174120116793,358850.14241767296,1,3638.8419227518784,174,1070,1180
"POLYGON ((121.4329225909182 31.14081068464005, 121.4329225909182 31.17156038084794, 121.3969899795535 31.17156038084794, 121.3969899795535 31.14081068464005, 121.4329225909182 31.14081068464005))",131,134954.22509992626,59,2514164.345665944,60583.05735197404,57677.62722554903,5,8630.033604762179,178,2137,2137
"POLYGON ((121.4329225909182 31.17156038084794, 121.4329225909182 31.2023000970058, 121.3969899795535 31.2023000970058, 121.3969899795535 31.17156038084794, 121.4329225909182 31.17156038084794))",61,127466.95619969582,85,1149072.3460273074,154567.50456403976,92072.69807928948,7,34827.440387498755,162,2242,2193
"POLYGON ((121.4329225909182 31.2023000970058, 121.4329225909182 31.23302982750743, 121.3969899795535 31.23302982750743, 121.3969899795535 31.2023000970058, 121.4329225909182 31.2023000970058))",77,222715.80067633712,278,1188663.4526087528,129052.55923908952,0.0,8,46500.54245023767,155,2920,3012
"POLYGON ((121.4329225909182 31.23302982750743, 121.4329225909182 31.26374956675991, 121.3969899795535 31.26374956675991, 121.3969899795535 31.23302982750743, 121.4329225909182 31.23302982750743))",94,139483.46901132114,57,3084394.691120211,229168.30950775224,70582.13929665255,10,19140.92272154363,131,3054,3086
"POLYGON ((121.4329225909182 31.26374956675991, 121.4329225909182 31.29445930918367, 121.3969899795535 31.29445930918367, 121.3969899795535 31.26374956675991, 121.4329225909182 31.26374956675991))",21,121309.14812171688,24,4267631.50170725,74710.88738144292,0.0,0,1177.8949987550486,179,3925,4046
"POLYGON ((121.4329225909182 31.29445930918367, 121.4329225909182 31.32515904921241, 121.3969899795535 31.32515904921241, 121.3969899795535 31.29445930918367, 121.4329225909182 31.29445930918367))",5,56564.23062463262,3,1516035.7751180443,223968.6499703094,485647.131975616,0,5640.66322077531,71,819,901
"POLYGON ((121.4329225909182 31.32515904921241, 121.4329225909182 31.35584878129317, 121.3969899795535 31.35584878129317, 121.3969899795535 31.32515904921241, 121.4329225909182 31.32515904921241))",4,68606.68206305742,2,2500862.268057641,223310.7391101624,130726.81957240286,0,3636.359346398043,85,516,499
"POLYGON ((121.4329225909182 31.35584878129317, 121.4329225909182 31.38652849988624, 121.3969899795535 31.38652849988624, 121.3969899795535 31.35584878129317, 121.4329225909182 31.35584878129317))",9,72164.72219602077,1,1141295.0058068978,190693.60111594712,858557.3736498074,0,3306.0815477703018,77,220,226
"POLYGON ((121.4329225909182 31.38652849988624, 121.4329225909182 31.41719819946523, 121.3969899795535 31.41719819946523, 121.3969899795535 31.38652849988624, 121.4329225909182 31.38652849988624))",0,72373.80971040408,1,536504.866086252,0.0,57561.7992822724,0,3185.398870706438,67,87,83
"POLYGON ((121.4329225909182 31.41719819946523, 121.4329225909182 31.44785787451704, 121.3969899795535 31.44785787451704, 121.3969899795535 31.41719819946523, 121.4329225909182 31.41719819946523))",0,30486.53695533318,0,0.0,0.0,8982561.042964503,0,0.0,39,9,16
"POLYGON ((121.4329225909182 31.44785787451704, 121.4329225909182 31.47850751954186, 121.3969899795535 31.47850751954186, 121.3969899795535 31.44785787451704, 121.4329225909182 31.44785787451704))",4,25915.5463406894,0,0.0,0.0,7593132.118151437,0,0.0,12,1,2
"POLYGON ((121.468855202283 30.98691269999999, 121.468855202283 31.01771221189863, 121.4329225909182 31.01771221189863, 121.4329225909182 30.98691269999999, 121.468855202283 30.98691269999999))",3,45137.3765793,2,994894.3809546924,86481.55284199785,254167.7877084488,0,4773.735538821857,36,3,6
"POLYGON ((121.468855202283 31.01771221189863, 121.468855202283 31.04850177197812, 121.4329225909182 31.04850177197812, 121.4329225909182 31.01771221189863, 121.468855202283 31.01771221189863))",54,125585.74353673196,59,3651051.749661604,1646142.1574405252,351572.8947238924,0,25668.87199718258,94,25,21
"POLYGON ((121.468855202283 31.04850177197812, 121.468855202283 31.07928137456562, 121.4329225909182 31.07928137456562, 121.4329225909182 31.04850177197812, 121.468855202283 31.04850177197812))",20,76362.14126367036,4,1101011.9721526294,176422.14322485117,6331380.454089004,0,510.1470479903921,49,1,1
"POLYGON ((121.468855202283 31.07928137456562, 121.468855202283 31.11005101400166, 121.4329225909182 31.11005101400166, 121.4329225909182 31.07928137456562, 121.468855202283 31.07928137456562))",35,63837.44026430766,1,543788.3799983168,0.0,4855914.812433815,0,3611.476333896842,49,43,47
"POLYGON ((121.468855202283 31.11005101400166, 121.468855202283 31.14081068464005, 121.4329225909182 31.14081068464005, 121.4329225909182 31.11005101400166, 121.468855202283 31.11005101400166))",51,73238.34935722972,36,3460652.846449192,298958.3453525412,533007.4294418625,1,25297.212194058586,83,649,642
"POLYGON ((121.468855202283 31.14081068464005, 121.468855202283 31.17156038084794, 121.4329225909182 31.17156038084794, 121.4329225909182 31.14081068464005, 121.468855202283 31.14081068464005))",98,149474.59433440224,22,978411.2904237654,493689.48730186,0.0,2,27808.47884025784,71,1504,1483
"POLYGON ((121.468855202283 31.17156038084794, 121.468855202283 31.2023000970058, 121.4329225909182 31.2023000970058, 121.4329225909182 31.17156038084794, 121.468855202283 31.17156038084794))",164,169599.04403749318,148,2174880.373008157,357366.92312432185,0.0,5,44610.52773742988,121,3878,3635
"POLYGON ((121.468855202283 31.2023000970058, 121.468855202283 31.23302982750743, 121.4329225909182 31.23302982750743, 121.4329225909182 31.2023000970058, 121.468855202283 31.2023000970058))",200,164837.07576424707,636,1482843.067790506,246655.7800660816,0.0,16,71268.96334338796,211,4310,4143
"POLYGON ((121.468855202283 31.23302982750743, 121.468855202283 31.26374956675991, 121.4329225909182 31.26374956675991, 121.4329225909182 31.23302982750743, 121.468855202283 31.23302982750743))",87,200884.7604636974,233,2790429.556490071,281056.5918477183,31847.37839344347,7,47568.7857801347,206,3648,3588
"POLYGON ((121.468855202283 31.26374956675991, 121.468855202283 31.29445930918367, 121.4329225909182 31.29445930918367, 121.4329225909182 31.26374956675991, 121.468855202283 31.26374956675991))",29,140468.77086726157,23,1206447.9374948372,180879.952665548,91433.69557929144,3,12608.408901417928,143,3453,3487
"POLYGON ((121.468855202283 31.29445930918367, 121.468855202283 31.32515904921241, 121.4329225909182 31.32515904921241, 121.4329225909182 31.29445930918367, 121.468855202283 31.29445930918367))",44,118204.32563923548,1,2233569.463250424,414022.58703068894,66690.11530148085,3,3965.476838451379,185,3380,3404
"POLYGON ((121.468855202283 31.32515904921241, 121.468855202283 31.35584878129317, 121.4329225909182 31.35584878129317, 121.4329225909182 31.32515904921241, 121.468855202283 31.32515904921241))",9,50150.689980337935,23,288651.2481851776,89402.57028532344,1543598.6705244177,1,1386.779522627282,99,1601,1703
"POLYGON ((121.468855202283 31.35584878129317, 121.468855202283 31.38652849988624, 121.4329225909182 31.38652849988624, 121.4329225909182 31.35584878129317, 121.468855202283 31.35584878129317))",8,85524.44561634425,0,718437.7350170924,0.0,534181.4789794569,0,446.8951122363069,52,178,186
"POLYGON ((121.468855202283 31.38652849988624, 121.468855202283 31.41719819946523, 121.4329225909182 31.41719819946523, 121.4329225909182 31.38652849988624, 121.468855202283 31.38652849988624))",4,96154.53344651224,0,95723.7793471593,0.0,2212521.8608686323,0,0.0,56,101,107
"POLYGON ((121.468855202283 31.41719819946523, 121.468855202283 31.44785787451704, 121.4329225909182 31.44785787451704, 121.4329225909182 31.41719819946523, 121.468855202283 31.41719819946523))",0,14021.815914846282,0,0.0,0.0,12441495.465778332,0,0.0,0,1,1
"POLYGON ((121.468855202283 31.44785787451704, 121.468855202283 31.47850751954186, 121.4329225909182 31.47850751954186, 121.4329225909182 31.44785787451704, 121.468855202283 31.44785787451704))",0,5050.31729867925,0,0.0,0.0,282139.9682128237,0,0.0,0,1,1
"POLYGON ((121.5047878136478 30.98691269999999, 121.5047878136478 31.01771221189863, 121.468855202283 31.01771221189863, 121.468855202283 30.98691269999999, 121.5047878136478 30.98691269999999))",5,39042.8051231133,1,110843.9730506718,0.0,0.0,0,438.3156037724692,28,1,2
"POLYGON ((121.5047878136478 31.01771221189863, 121.5047878136478 31.04850177197812, 121.468855202283 31.04850177197812, 121.468855202283 31.01771221189863, 121.5047878136478 31.01771221189863))",4,42665.14565276306,8,1980699.10904268,172041.1204792164,1135357.113329675,0,6239.903268434388,54,1,1
"POLYGON ((121.5047878136478 31.04850177197812, 121.5047878136478 31.07928137456562, 121.468855202283 31.07928137456562, 121.468855202283 31.04850177197812, 121.5047878136478 31.04850177197812))",49,95785.78715936806,37,2446087.347507104,44473.39322262803,431139.3663037146,0,16434.489931402706,92,10,11
"POLYGON ((121.5047878136478 31.07928137456562, 121.5047878136478 31.11005101400166, 121.468855202283 31.11005101400166, 121.468855202283 31.07928137456562, 121.5047878136478 31.07928137456562))",63,68510.97792103115,31,3676278.783978352,328117.5355776802,625991.5943118966,0,0.0,101,22,20
"POLYGON ((121.5047878136478 31.11005101400166, 121.5047878136478 31.14081068464005, 121.468855202283 31.14081068464005, 121.468855202283 31.11005101400166, 121.5047878136478 31.11005101400166))",37,102066.12138104285,16,1997402.7573457605,0.0,114841.46401700049,2,2514.986444350682,93,119,114
"POLYGON ((121.5047878136478 31.14081068464005, 121.5047878136478 31.17156038084794, 121.468855202283 31.17156038084794, 121.468855202283 31.14081068464005, 121.5047878136478 31.14081068464005))",117,146384.32132695575,40,2141545.3500888785,321548.02167514845,0.0,7,31829.639478121542,149,375,391
"POLYGON ((121.5047878136478 31.17156038084794, 121.5047878136478 31.2023000970058, 121.468855202283 31.2023000970058, 121.468855202283 31.17156038084794, 121.5047878136478 31.17156038084794))",197,187186.40755349683,54,1985507.0156609304,528880.7456489125,0.0,2,44546.13912109589,131,1336,1450
"POLYGON ((121.5047878136478 31.2023000970058, 121.5047878136478 31.23302982750743, 121.468855202283 31.23302982750743, 121.468855202283 31.2023000970058, 121.5047878136478 31.2023000970058))",334,198528.65083466377,159,2277304.3650941644,591357.5115058753,0.0,14,70998.58534974225,211,4086,3834
"POLYGON ((121.5047878136478 31.23302982750743, 121.5047878136478 31.26374956675991, 121.468855202283 31.26374956675991, 121.468855202283 31.23302982750743, 121.5047878136478 31.23302982750743))",264,240378.5635039672,222,912310.947769044,1190142.856156735,0.0,8,43723.24472671764,195,3624,3579
"POLYGON ((121.5047878136478 31.26374956675991, 121.5047878136478 31.29445930918367, 121.468855202283 31.29445930918367, 121.468855202283 31.26374956675991, 121.5047878136478 31.26374956675991))",61,175249.8823473352,62,4508418.898312058,317079.1912098064,104481.16455610364,5,50512.969389751,162,5741,5644
"POLYGON ((121.5047878136478 31.29445930918367, 121.5047878136478 31.32515904921241, 121.468855202283 31.32515904921241, 121.468855202283 31.29445930918367, 121.5047878136478 31.29445930918367))",24,123656.64020691052,17,2382681.449710658,266266.5403560481,72444.73279679276,6,13314.230995212072,145,4585,4611
"POLYGON ((121.5047878136478 31.32515904921241, 121.5047878136478 31.35584878129317, 121.468855202283 31.35584878129317, 121.468855202283 31.32515904921241, 121.5047878136478 31.32515904921241))",20,120970.3927488614,27,1373614.375564281,493498.0231459448,2789999.597405959,3,8362.415524427272,91,1840,1902
"POLYGON ((121.5047878136478 31.35584878129317, 121.5047878136478 31.38652849988624, 121.468855202283 31.38652849988624, 121.468855202283 31.35584878129317, 121.5047878136478 31.35584878129317))",8,82810.33006172298,1,132654.07100879913,0.0,4775151.049376426,0,748.5291850071446,53,149,152
"POLYGON ((121.5047878136478 31.38652849988624, 121.5047878136478 31.41719819946523, 121.468855202283 31.41719819946523, 121.468855202283 31.38652849988624, 121.5047878136478 31.38652849988624))",13,76447.39665205896,1,1004222.6512905852,12301.487132226152,0.0,0,115.21364890221462,139,259,259
"POLYGON ((121.5047878136478 31.41719819946523, 121.5047878136478 31.44785787451704, 121.468855202283 31.44785787451704, 121.468855202283 31.41719819946523, 121.5047878136478 31.41719819946523))",0,0.0,0,19091.07432572358,0.0,145817.61022139617,0,0.0,0,1,1
"POLYGON ((121.5407204250126 30.98691269999999, 121.5407204250126 31.01771221189863, 121.5047878136478 31.01771221189863, 121.5047878136478 30.98691269999999, 121.5407204250126 30.98691269999999))",0,32056.00347543838,1,0.0,0.0,61447.83038788992,0,768.5299382670022,43,1,1
"POLYGON ((121.5407204250126 31.01771221189863, 121.5407204250126 31.04850177197812, 121.5047878136478 31.04850177197812, 121.5047878136478 31.01771221189863, 121.5407204250126 31.01771221189863))",2,71060.5134432746,7,2327715.43688654,147830.5276111574,9915.145364971811,0,1808.1331121517487,93,8,11
"POLYGON ((121.5407204250126 31.04850177197812, 121.5407204250126 31.07928137456562, 121.5047878136478 31.07928137456562, 121.5047878136478 31.04850177197812, 121.5407204250126 31.04850177197812))",12,80678.58387563091,16,3057129.2228951715,547566.9672914029,968890.1043676907,0,2632.9327443393577,112,28,25
"POLYGON ((121.5407204250126 31.07928137456562, 121.5407204250126 31.11005101400166, 121.5047878136478 31.11005101400166, 121.5047878136478 31.07928137456562, 121.5407204250126 31.07928137456562))",4,44896.545469936165,6,250838.0723590675,1295062.4500022857,1625423.0731129,0,0.0,74,11,12
"POLYGON ((121.5407204250126 31.11005101400166, 121.5407204250126 31.14081068464005, 121.5047878136478 31.14081068464005, 121.5047878136478 31.11005101400166, 121.5407204250126 31.11005101400166))",25,63773.28601150762,0,1252389.2112042431,780853.1450406808,154776.72325363389,0,1976.9091543357615,49,110,105
"POLYGON ((121.5407204250126 31.14081068464005, 121.5407204250126 31.17156038084794, 121.5047878136478 31.17156038084794, 121.5047878136478 31.14081068464005, 121.5407204250126 31.14081068464005))",128,125053.18826646924,47,5450790.656867607,76032.06823309093,0.0,5,33554.35416792313,145,346,355
"POLYGON ((121.5407204250126 31.17156038084794, 121.5407204250126 31.2023000970058, 121.5047878136478 31.2023000970058, 121.5047878136478 31.17156038084794, 121.5407204250126 31.17156038084794))",93,142602.73323688697,93,4224790.98086043,151022.73310570372,52386.92556899741,2,49115.278415058834,149,727,735
"POLYGON ((121.5407204250126 31.2023000970058, 121.5407204250126 31.23302982750743, 121.5047878136478 31.23302982750743, 121.5047878136478 31.2023000970058, 121.5407204250126 31.2023000970058))",174,229097.3278957249,82,3997031.992319567,1375438.498986733,0.0,7,84571.71406663368,175,750,725
"POLYGON ((121.5407204250126 31.23302982750743, 121.5407204250126 31.26374956675991, 121.5047878136478 31.26374956675991, 121.5047878136478 31.23302982750743, 121.5407204250126 31.23302982750743))",116,172026.11277383124,24,3260114.706758821,726435.7024953284,354432.2147529288,10,88035.10124290653,155,1685,1698
"POLYGON ((121.5407204250126 31.26374956675991, 121.5407204250126 31.29445930918367, 121.5047878136478 31.29445930918367, 121.5047878136478 31.26374956675991, 121.5407204250126 31.26374956675991))",123,120853.8229333833,14,6199325.978375496,769016.4911203182,161603.2209367878,12,75353.08881973874,151,5491,5474
"POLYGON ((121.5407204250126 31.29445930918367, 121.5407204250126 31.32515904921241, 121.5047878136478 31.32515904921241, 121.5047878136478 31.29445930918367, 121.5407204250126 31.29445930918367))",112,187670.9564948135,47,5493183.451289284,435868.30407071335,208415.51902604243,6,63807.66264867717,172,6696,6554
"POLYGON ((121.5407204250126 31.32515904921241, 121.5407204250126 31.35584878129317, 121.5047878136478 31.35584878129317, 121.5047878136478 31.32515904921241, 121.5407204250126 31.32515904921241))",71,132375.23693595227,18,3316255.73213904,61443.79360455991,2298786.550514909,0,37959.17633543657,78,1431,1472
"POLYGON ((121.5407204250126 31.35584878129317, 121.5407204250126 31.38652849988624, 121.5047878136478 31.38652849988624, 121.5047878136478 31.35584878129317, 121.5407204250126 31.35584878129317))",0,71562.55187888927,1,1273116.4170042833,0.0,252901.5415678736,0,1525.541620089738,40,1,3
"POLYGON ((121.5407204250126 31.38652849988624, 121.5407204250126 31.41719819946523, 121.5047878136478 31.41719819946523, 121.5047878136478 31.38652849988624, 121.5407204250126 31.38652849988624))",0,23508.194504582345,0,0.0,0.0,0.0,0,0.0,0,8,7
"POLYGON ((121.5766530363774 30.98691269999999, 121.5766530363774 31.01771221189863, 121.5407204250126 31.01771221189863, 121.5407204250126 30.98691269999999, 121.5766530363774 30.98691269999999))",0,21612.01147137915,0,7530.701655084311,0.0,0.0,0,759.4518668699718,19,1,1
"POLYGON ((121.5766530363774 31.01771221189863, 121.5766530363774 31.04850177197812, 121.5407204250126 31.04850177197812, 121.5407204250126 31.01771221189863, 121.5766530363774 31.01771221189863))",0,53907.32977513496,0,609759.7451761138,239546.563516422,0.0,0,165.3309789733654,43,3,2
"POLYGON ((121.5766530363774 31.04850177197812, 121.5766530363774 31.07928137456562, 121.5407204250126 31.07928137456562, 121.5407204250126 31.04850177197812, 121.5766530363774 31.04850177197812))",0,60786.15706801153,0,662030.9523275105,152500.003929944,13875.149478444044,0,0.0,42,3,2
"POLYGON ((121.5766530363774 31.07928137456562, 121.5766530363774 31.11005101400166, 121.5407204250126 31.11005101400166, 121.5407204250126 31.07928137456562, 121.5766530363774 31.07928137456562))",21,51507.93628498581,0,789631.4468920096,0.0,7757.750935473103,0,7151.903350966737,57,3,4
"POLYGON ((121.5766530363774 31.11005101400166, 121.5766530363774 31.14081068464005, 121.5407204250126 31.14081068464005, 121.5407204250126 31.11005101400166, 121.5766530363774 31.11005101400166))",52,61600.67487375971,75,3560963.5044702254,0.0,508477.0360165405,0,14738.053346206196,97,20,29
"POLYGON ((121.5766530363774 31.14081068464005, 121.5766530363774 31.17156038084794, 121.5407204250126 31.17156038084794, 121.5407204250126 31.14081068464005, 121.5766530363774 31.14081068464005))",95,118365.34255238794,42,3200170.385138892,120820.53090581443,1865620.0801146063,2,25804.070624894608,69,149,108
"POLYGON ((121.5766530363774 31.17156038084794, 121.5766530363774 31.2023000970058, 121.5407204250126 31.2023000970058, 121.5407204250126 31.17156038084794, 121.5766530363774 31.17156038084794))",100,93143.4164030176,28,2335528.2758348347,22238.326122703453,52779.90532800907,2,20618.35667396488,112,257,285
"POLYGON ((121.5766530363774 31.2023000970058, 121.5766530363774 31.23302982750743, 121.5407204250126 31.23302982750743, 121.5407204250126 31.2023000970058, 121.5766530363774 31.2023000970058))",94,211828.0521952782,60,4920393.635477373,1377922.700470908,26187.42988834236,5,95966.2749023,109,422,420
"POLYGON ((121.5766530363774 31.23302982750743, 121.5766530363774 31.26374956675991, 121.5407204250126 31.26374956675991, 121.5407204250126 31.23302982750743, 121.5766530363774 31.23302982750743))",36,211101.1582207444,25,5722181.311999813,173367.10872344192,72649.44537019118,9,109574.15982268334,180,429,415
"POLYGON ((121.5766530363774 31.26374956675991, 121.5766530363774 31.29445930918367, 121.5407204250126 31.29445930918367, 121.5407204250126 31.26374956675991, 121.5766530363774 31.26374956675991))",51,116121.79119882766,12,1515826.19105732,129276.1752356255,2849569.951024698,3,57391.053232341714,101,1743,1759
"POLYGON ((121.5766530363774 31.29445930918367, 121.5766530363774 31.32515904921241, 121.5407204250126 31.32515904921241, 121.5407204250126 31.29445930918367, 121.5766530363774 31.29445930918367))",15,89160.40470054757,3,405620.2150782304,120166.48766433886,4162430.1851975466,0,17431.754738753356,49,580,636
"POLYGON ((121.5766530363774 31.32515904921241, 121.5766530363774 31.35584878129317, 121.5407204250126 31.35584878129317, 121.5407204250126 31.32515904921241, 121.5766530363774 31.32515904921241))",0,46241.21164289648,9,2517251.0699298894,16052.45735463679,5195673.504516216,0,1701.5513834777846,68,169,170
"POLYGON ((121.5766530363774 31.35584878129317, 121.5766530363774 31.38652849988624, 121.5407204250126 31.38652849988624, 121.5407204250126 31.35584878129317, 121.5766530363774 31.35584878129317))",0,43606.9601313766,0,153317.69948172625,1638382.10808095,4348094.597788169,0,0.0,20,2,2
"POLYGON ((121.5766530363774 31.41719819946523, 121.5766530363774 31.44785787451704, 121.5407204250126 31.44785787451704, 121.5407204250126 31.41719819946523, 121.5766530363774 31.41719819946523))",0,2588.70735917714,0,0.0,0.0,0.0,0,2588.70735917714,0,1,1
"POLYGON ((121.5766530363774 31.44785787451704, 121.5766530363774 31.47850751954186, 121.5407204250126 31.47850751954186, 121.5407204250126 31.44785787451704, 121.5766530363774 31.44785787451704))",0,2256.85578832894,0,0.0,0.0,0.0,0,2256.85578832894,0,1,1
"POLYGON ((121.6125856477421 30.98691269999999, 121.6125856477421 31.01771221189863, 121.5766530363774 31.01771221189863, 121.5766530363774 30.98691269999999, 121.6125856477421 30.98691269999999))",0,22742.96706835684,0,0.0,0.0,55008.40875114656,0,3042.0882488792954,23,1,1
"POLYGON ((121.6125856477421 31.01771221189863, 121.6125856477421 31.04850177197812, 121.5766530363774 31.04850177197812, 121.5766530363774 31.01771221189863, 121.6125856477421 31.01771221189863))",0,65591.10209180509,17,2338215.499814813,21053.64617313511,439379.0015753268,0,17338.566128750346,87,1,4
"POLYGON ((121.6125856477421 31.04850177197812, 121.6125856477421 31.07928137456562, 121.5766530363774 31.07928137456562, 121.5766530363774 31.04850177197812, 121.6125856477421 31.04850177197812))",1,116574.15206619886,2,1609692.3592700907,2382.4921834336046,82077.42979212024,0,8530.0895635606,72,13,9
"POLYGON ((121.6125856477421 31.07928137456562, 121.6125856477421 31.11005101400166, 121.5766530363774 31.11005101400166, 121.5766530363774 31.07928137456562, 121.6125856477421 31.07928137456562))",102,133852.60298470664,19,2702250.3905717903,210691.9380642356,90914.23987111132,0,5565.349613073393,168,23,27
"POLYGON ((121.6125856477421 31.11005101400166, 121.6125856477421 31.14081068464005, 121.5766530363774 31.14081068464005, 121.5766530363774 31.11005101400166, 121.6125856477421 31.11005101400166))",44,118297.98520272864,41,2411609.773953122,511889.8426789469,198480.83067823944,1,4530.821305128178,112,23,26
"POLYGON ((121.6125856477421 31.14081068464005, 121.6125856477421 31.17156038084794, 121.5766530363774 31.17156038084794, 121.5766530363774 31.14081068464005, 121.6125856477421 31.14081068464005))",8,97631.21882730126,2,954781.8310328712,0.0,24854.40733091303,1,2499.5544252404525,64,20,18
"POLYGON ((121.6125856477421 31.17156038084794, 121.6125856477421 31.2023000970058, 121.5766530363774 31.2023000970058, 121.5766530363774 31.17156038084794, 121.6125856477421 31.17156038084794))",31,134278.09654218354,6,924023.2876220624,1081032.2771199895,227485.73350056345,3,26214.60428509008,100,44,44
"POLYGON ((121.6125856477421 31.2023000970058, 121.6125856477421 31.23302982750743, 121.5766530363774 31.23302982750743, 121.5766530363774 31.2023000970058, 121.6125856477421 31.2023000970058))",16,124112.51060753284,8,3369158.4120443086,1641218.1890625586,1874105.3112624264,2,76612.34653666485,91,42,42
"POLYGON ((121.6125856477421 31.23302982750743, 121.6125856477421 31.26374956675991, 121.5766530363774 31.26374956675991, 121.5766530363774 31.23302982750743, 121.6125856477421 31.23302982750743))",25,268528.76186921564,16,3321435.2760389023,707139.3962202058,1303223.4992596365,8,142015.87458957292,139,384,414
"POLYGON ((121.6125856477421 31.26374956675991, 121.6125856477421 31.29445930918367, 121.5766530363774 31.29445930918367, 121.5766530363774 31.26374956675991, 121.6125856477421 31.26374956675991))",17,131355.39675336212,26,7542366.095514228,51536.39278480541,7766.664056740156,7,74870.08864831476,185,361,341
"POLYGON ((121.6125856477421 31.29445930918367, 121.6125856477421 31.32515904921241, 121.5766530363774 31.32515904921241, 121.5766530363774 31.29445930918367, 121.6125856477421 31.29445930918367))",44,132754.5865387125,9,2081180.3637982367,116786.35395554092,4505154.185098892,0,25119.208692866647,100,66,69
"POLYGON ((121.6125856477421 31.32515904921241, 121.6125856477421 31.35584878129317, 121.5766530363774 31.35584878129317, 121.5766530363774 31.32515904921241, 121.6125856477421 31.32515904921241))",3,73507.19913227356,0,2477974.4605455,54606.784730070125,7159717.208196884,0,8125.247828195731,104,60,65
"POLYGON ((121.6125856477421 31.35584878129317, 121.6125856477421 31.38652849988624, 121.5766530363774 31.38652849988624, 121.5766530363774 31.35584878129317, 121.6125856477421 31.35584878129317))",1,17275.326813579297,0,0.0,0.0,3989782.649463809,0,0.0,3,2,1
"POLYGON ((121.6125856477421 31.41719819946523, 121.6125856477421 31.44785787451704, 121.5766530363774 31.44785787451704, 121.5766530363774 31.41719819946523, 121.6125856477421 31.41719819946523))",0,18064.953971647414,0,587231.7595446699,0.0,47245.33718276669,0,5423.151049833624,10,1,1
"POLYGON ((121.6125856477421 31.44785787451704, 121.6125856477421 31.47850751954186, 121.5766530363774 31.47850751954186, 121.5766530363774 31.44785787451704, 121.6125856477421 31.44785787451704))",0,4557.472672347867,0,0.0,0.0,0.0,0,4557.472672347867,0,1,1
"POLYGON ((121.6485182591069 30.98691269999999, 121.6485182591069 31.01771221189863, 121.6125856477421 31.01771221189863, 121.6125856477421 30.98691269999999, 121.6485182591069 30.98691269999999))",0,85868.55905285352,1,0.0,0.0,0.0,0,0.0,42,1,1
"POLYGON ((121.6485182591069 31.01771221189863, 121.6485182591069 31.04850177197812, 121.6125856477421 31.04850177197812, 121.6125856477421 31.01771221189863, 121.6485182591069 31.01771221189863))",0,104496.55574914072,53,274276.40100107057,1937.1741735256885,0.0,0,11039.414348544273,67,1,1
"POLYGON ((121.6485182591069 31.04850177197812, 121.6485182591069 31.07928137456562, 121.6125856477421 31.07928137456562, 121.6125856477421 31.04850177197812, 121.6485182591069 31.04850177197812))",0,112902.53195903351,0,0.0,0.0,308914.14717542264,0,0.0,37,1,1
"POLYGON ((121.6485182591069 31.07928137456562, 121.6485182591069 31.11005101400166, 121.6125856477421 31.11005101400166, 121.6125856477421 31.07928137456562, 121.6485182591069 31.07928137456562))",5,67744.36549262707,1,38853.32879440547,6388.568485533342,151209.40495495382,0,0.0,29,1,1
"POLYGON ((121.6485182591069 31.11005101400166, 121.6485182591069 31.14081068464005, 121.6125856477421 31.14081068464005, 121.6125856477421 31.11005101400166, 121.6485182591069 31.11005101400166))",7,84080.78384048969,2,248642.92339797431,1352.5014923680465,1489612.4597593658,2,13610.987524020124,41,9,7
"POLYGON ((121.6485182591069 31.14081068464005, 121.6485182591069 31.17156038084794, 121.6125856477421 31.17156038084794, 121.6125856477421 31.14081068464005, 121.6485182591069 31.14081068464005))",0,92626.6235506078,6,377111.0593030127,69443.39881089563,198901.6327424384,2,13151.512529871314,54,1,3
"POLYGON ((121.6485182591069 31.17156038084794, 121.6485182591069 31.2023000970058, 121.6125856477421 31.2023000970058, 121.6125856477421 31.17156038084794, 121.6485182591069 31.17156038084794))",12,133149.10857217893,1,1646659.0818896615,261978.5341978722,108.01656173512248,0,9444.948179132138,99,48,51
"POLYGON ((121.6485182591069 31.2023000970058, 121.6485182591069 31.23302982750743, 121.6125856477421 31.23302982750743, 121.6125856477421 31.2023000970058, 121.6485182591069 31.2023000970058))",46,188396.01919953595,9,2778175.054915774,299981.6041023472,2687.4056427805235,3,52521.327518443926,88,56,50
"POLYGON ((121.6485182591069 31.23302982750743, 121.6485182591069 31.26374956675991, 121.6125856477421 31.26374956675991, 121.6125856477421 31.23302982750743, 121.6485182591069 31.23302982750743))",0,135375.0444951514,0,571578.6004942744,602544.2675284758,1559450.0689210254,3,66289.63737429644,71,52,37
"POLYGON ((121.6485182591069 31.26374956675991, 121.6485182591069 31.29445930918367, 121.6125856477421 31.29445930918367, 121.6125856477421 31.26374956675991, 121.6485182591069 31.26374956675991))",23,107997.29055053888,1,1582527.6543835727,459820.70130429976,3452129.0871268963,7,38582.70503099078,59,53,67
"POLYGON ((121.6485182591069 31.29445930918367, 121.6485182591069 31.32515904921241, 121.6125856477421 31.32515904921241, 121.6125856477421 31.29445930918367, 121.6485182591069 31.29445930918367))",31,121316.50644928064,6,1425618.164075724,0.0,3864167.3162722536,0,28537.819054025887,88,13,12
"POLYGON ((121.6485182591069 31.32515904921241, 121.6485182591069 31.35584878129317, 121.6125856477421 31.35584878129317, 121.6125856477421 31.32515904921241, 121.6485182591069 31.32515904921241))",0,42622.101255473215,0,449222.88906130136,0.0,4710258.646007188,0,6209.283994649363,26,2,2
"POLYGON ((121.6485182591069 31.38652849988624, 121.6485182591069 31.41719819946523, 121.6125856477421 31.41719819946523, 121.6125856477421 31.38652849988624, 121.6485182591069 31.38652849988624))",0,5550.41280384392,0,292996.7896479316,0.0,1135985.930398405,0,0.0,3,1,1
"POLYGON ((121.6485182591069 31.41719819946523, 121.6485182591069 31.44785787451704, 121.6125856477421 31.44785787451704, 121.6125856477421 31.41719819946523, 121.6485182591069 31.41719819946523))",0,19000.708113938304,0,1882875.146536467,0.0,0.0,0,6023.891429900885,8,1,1
"POLYGON ((121.6844508704717 30.98691269999999, 121.6844508704717 31.01771221189863, 121.6485182591069 31.01771221189863, 121.6485182591069 30.98691269999999, 121.6844508704717 30.98691269999999))",0,49915.84185328801,0,75734.85814666643,0.0,0.0,0,2306.4118169496087,26,1,1
"POLYGON ((121.6844508704717 31.01771221189863, 121.6844508704717 31.04850177197812, 121.6485182591069 31.04850177197812, 121.6485182591069 31.01771221189863, 121.6844508704717 31.01771221189863))",0,47023.44577585954,0,372961.54717127857,95449.01702421588,0.0,0,8856.421484796867,41,1,1
"POLYGON ((121.6844508704717 31.04850177197812, 121.6844508704717 31.07928137456562, 121.6485182591069 31.07928137456562, 121.6485182591069 31.04850177197812, 121.6844508704717 31.04850177197812))",0,36288.59943834851,0,0.0,0.0,0.0,0,0.0,32,1,1
"POLYGON ((121.6844508704717 31.07928137456562, 121.6844508704717 31.11005101400166, 121.6485182591069 31.11005101400166, 121.6485182591069 31.07928137456562, 121.6844508704717 31.07928137456562))",0,48093.96494894965,4,0.0,0.0,632821.2677428419,0,0.0,38,1,1
"POLYGON ((121.6844508704717 31.11005101400166, 121.6844508704717 31.14081068464005, 121.6485182591069 31.14081068464005, 121.6485182591069 31.11005101400166, 121.6844508704717 31.11005101400166))",46,95506.6293856086,31,0.0,0.0,0.0,0,12191.165397714443,57,1,2
"POLYGON ((121.6844508704717 31.14081068464005, 121.6844508704717 31.17156038084794, 121.6485182591069 31.17156038084794, 121.6485182591069 31.14081068464005, 121.6844508704717 31.14081068464005))",41,89898.77113637634,52,80047.37937680991,0.0,0.0,2,11915.205137544048,47,1,1
"POLYGON ((121.6844508704717 31.17156038084794, 121.6844508704717 31.2023000970058, 121.6485182591069 31.2023000970058, 121.6485182591069 31.17156038084794, 121.6844508704717 31.17156038084794))",18,78413.37267743773,0,1633971.0365238509,0.0,0.0,1,0.0,97,15,9
"POLYGON ((121.6844508704717 31.2023000970058, 121.6844508704717 31.23302982750743, 121.6485182591069 31.23302982750743, 121.6485182591069 31.2023000970058, 121.6844508704717 31.2023000970058))",29,106519.11104250656,3,3201758.4240414174,209347.1147981276,1385257.1797520707,2,20982.097886443476,102,20,33
"POLYGON ((121.6844508704717 31.23302982750743, 121.6844508704717 31.26374956675991, 121.6485182591069 31.26374956675991, 121.6485182591069 31.23302982750743, 121.6844508704717 31.23302982750743))",38,111375.64793861924,2,1934255.5324260665,2137699.817943443,255640.66022635667,0,28479.531043827155,82,17,13
"POLYGON ((121.6844508704717 31.26374956675991, 121.6844508704717 31.29445930918367, 121.6485182591069 31.29445930918367, 121.6485182591069 31.26374956675991, 121.6844508704717 31.26374956675991))",122,102739.24958714204,21,3438746.684816438,63151.96640402474,68429.64750426341,3,23285.405924189465,119,41,38
"POLYGON ((121.6844508704717 31.29445930918367, 121.6844508704717 31.32515904921241, 121.6485182591069 31.32515904921241, 121.6485182591069 31.29445930918367, 121.6844508704717 31.29445930918367))",9,82241.69611902788,0,61127.1260291172,0.0,5671662.730088052,1,4763.990531001604,22,1,1
"POLYGON ((121.6844508704717 31.32515904921241, 121.6844508704717 31.35584878129317, 121.6485182591069 31.35584878129317, 121.6485182591069 31.32515904921241, 121.6844508704717 31.32515904921241))",0,5193.861485197815,0,0.0,0.0,1952219.931800522,0,0.0,0,1,1
"POLYGON ((121.6844508704717 31.35584878129317, 121.6844508704717 31.38652849988624, 121.6485182591069 31.38652849988624, 121.6485182591069 31.35584878129317, 121.6844508704717 31.35584878129317))",0,0.0,0,0.0,0.0,69795.27004023737,0,0.0,0,1,1
"POLYGON ((121.6844508704717 31.38652849988624, 121.6844508704717 31.41719819946523, 121.6485182591069 31.41719819946523, 121.6485182591069 31.38652849988624, 121.6844508704717 31.38652849988624))",0,15598.758294083038,0,922930.6364217836,0.0,3234770.6771221105,0,0.0,10,1,1
"POLYGON ((121.6844508704717 31.41719819946523, 121.6844508704717 31.44785787451704, 121.6485182591069 31.44785787451704, 121.6485182591069 31.41719819946523, 121.6844508704717 31.41719819946523))",0,6361.840414219901,0,524872.8386152368,0.0,0.0,0,6361.840414219901,0,1,1
"POLYGON ((121.7203834818365 30.98691269999999, 121.7203834818365 31.01771221189863, 121.6844508704717 31.01771221189863, 121.6844508704717 30.98691269999999, 121.7203834818365 30.98691269999999))",0,50763.53924003983,0,0.0,385138.3475909911,84938.04480728565,0,0.0,16,1,1
"POLYGON ((121.7203834818365 31.01771221189863, 121.7203834818365 31.04850177197812, 121.6844508704717 31.04850177197812, 121.6844508704717 31.01771221189863, 121.7203834818365 31.01771221189863))",4,46617.30210220592,4,1428294.5245390013,162767.54211881102,821459.9661465517,0,8646.704569743119,59,1,1
"POLYGON ((121.7203834818365 31.04850177197812, 121.7203834818365 31.07928137456562, 121.6844508704717 31.07928137456562, 121.6844508704717 31.04850177197812, 121.7203834818365 31.04850177197812))",8,61424.0173606724,6,714554.7235996138,0.0,0.0,0,0.0,42,1,1
"POLYGON ((121.7203834818365 31.07928137456562, 121.7203834818365 31.11005101400166, 121.6844508704717 31.11005101400166, 121.6844508704717 31.07928137456562, 121.7203834818365 31.07928137456562))",0,36222.74460274873,0,79869.39519111415,0.0,1506012.685379679,0,0.0,25,1,1
"POLYGON ((121.7203834818365 31.11005101400166, 121.7203834818365 31.14081068464005, 121.6844508704717 31.14081068464005, 121.6844508704717 31.11005101400166, 121.7203834818365 31.11005101400166))",0,30120.110284330192,108,504671.3776228876,0.0,102177.35739284052,0,0.0,30,1,1
"POLYGON ((121.7203834818365 31.14081068464005, 121.7203834818365 31.17156038084794, 121.6844508704717 31.17156038084794, 121.6844508704717 31.14081068464005, 121.7203834818365 31.14081068464005))",0,67636.59986388794,0,45920.83161861857,79061.7176376536,0.0,1,0.0,72,1,1
"POLYGON ((121.7203834818365 31.17156038084794, 121.7203834818365 31.2023000970058, 121.6844508704717 31.2023000970058, 121.6844508704717 31.17156038084794, 121.7203834818365 31.17156038084794))",48,108711.02296254582,18,2931129.209930228,74423.05575908834,0.0,2,59.44222736433799,124,17,18
"POLYGON ((121.7203834818365 31.2023000970058, 121.7203834818365 31.23302982750743, 121.6844508704717 31.23302982750743, 121.6844508704717 31.2023000970058, 121.7203834818365 31.2023000970058))",19,68752.71375025494,3,273751.22415661835,0.0,683428.3068540485,0,1230.9613326957617,63,4,2
"POLYGON ((121.7203834818365 31.23302982750743, 121.7203834818365 31.26374956675991, 121.6844508704717 31.26374956675991, 121.6844508704717 31.23302982750743, 121.7203834818365 31.23302982750743))",26,105366.60590070352,25,942638.35086963,0.0,2091276.0900612767,0,17781.38320190391,66,3,3
"POLYGON ((121.7203834818365 31.26374956675991, 121.7203834818365 31.29445930918367, 121.6844508704717 31.29445930918367, 121.6844508704717 31.26374956675991, 121.7203834818365 31.26374956675991))",16,71529.13684647341,1,250708.40618606587,0.0,0.0,0,9601.23626673621,18,1,1
"POLYGON ((121.7203834818365 31.29445930918367, 121.7203834818365 31.32515904921241, 121.6844508704717 31.32515904921241, 121.6844508704717 31.29445930918367, 121.7203834818365 31.29445930918367))",0,27884.98913693757,0,0.0,0.0,1030966.2555105174,0,234.11902717323215,0,1,1
"POLYGON ((121.7203834818365 31.32515904921241, 121.7203834818365 31.35584878129317, 121.6844508704717 31.35584878129317, 121.6844508704717 31.32515904921241, 121.7203834818365 31.32515904921241))",0,19479.80074219328,0,0.0,0.0,0.0,0,0.0,0,1,1
"POLYGON ((121.7203834818365 31.35584878129317, 121.7203834818365 31.38652849988624, 121.6844508704717 31.38652849988624, 121.6844508704717 31.35584878129317, 121.7203834818365 31.35584878129317))",0,41463.42988858538,0,534198.6793528134,3304.34406922737,118099.2431488281,0,0.0,21,1,1
"POLYGON ((121.7203834818365 31.38652849988624, 121.7203834818365 31.41719819946523, 121.6844508704717 31.41719819946523, 121.6844508704717 31.38652849988624, 121.7203834818365 31.38652849988624))",4,68224.2449618724,0,875741.7201073898,211829.54109995023,907213.7868627948,1,4730.449417144466,28,1,1
"POLYGON ((121.7203834818365 31.41719819946523, 121.7203834818365 31.44785787451704, 121.6844508704717 31.44785787451704, 121.6844508704717 31.41719819946523, 121.7203834818365 31.41719819946523))",0,2147.787658535652,0,0.0,0.0,34346.6106415005,0,2147.787658535652,0,1,1
"POLYGON ((121.7563160932013 30.98691269999999, 121.7563160932013 31.01771221189863, 121.7203834818365 31.01771221189863, 121.7203834818365 30.98691269999999, 121.7563160932013 30.98691269999999))",0,38716.47144142472,0,0.0,0.0,341100.5837033584,0,2012.357696932376,34,1,1
"POLYGON ((121.7563160932013 31.01771221189863, 121.7563160932013 31.04850177197812, 121.7203834818365 31.04850177197812, 121.7203834818365 31.01771221189863, 121.7563160932013 31.01771221189863))",20,55528.60463237707,77,2560668.6228173804,149510.03709061042,148620.5686879431,0,4888.229453927426,101,2,2
"POLYGON ((121.7563160932013 31.04850177197812, 121.7563160932013 31.07928137456562, 121.7203834818365 31.07928137456562, 121.7203834818365 31.04850177197812, 121.7563160932013 31.04850177197812))",53,93523.25701440952,85,3250794.4987795427,0.0,0.0,0,0.0,148,1,1
"POLYGON ((121.7563160932013 31.07928137456562, 121.7563160932013 31.11005101400166, 121.7203834818365 31.11005101400166, 121.7203834818365 31.07928137456562, 121.7563160932013 31.07928137456562))",0,41195.38049699823,0,43464.93002751251,0.0,0.0,0,0.0,42,1,1
"POLYGON ((121.7563160932013 31.11005101400166, 121.7563160932013 31.14081068464005, 121.7203834818365 31.14081068464005, 121.7203834818365 31.11005101400166, 121.7563160932013 31.11005101400166))",3,45188.79557852908,1,749692.8942693251,1028.6599790236469,0.0,0,0.0,51,1,1
"POLYGON ((121.7563160932013 31.14081068464005, 121.7563160932013 31.17156038084794, 121.7203834818365 31.17156038084794, 121.7203834818365 31.14081068464005, 121.7563160932013 31.14081068464005))",38,44741.300687682975,19,1507579.7735448906,0.0,0.0,1,31.10087014619002,75,1,1
"POLYGON ((121.7563160932013 31.17156038084794, 121.7563160932013 31.2023000970058, 121.7203834818365 31.2023000970058, 121.7203834818365 31.17156038084794, 121.7563160932013 31.17156038084794))",0,78050.94232648928,1,2037803.0252733608,0.0,149742.6044410213,0,77.1210474013982,61,1,1
"POLYGON ((121.7563160932013 31.2023000970058, 121.7563160932013 31.23302982750743, 121.7203834818365 31.23302982750743, 121.7203834818365 31.2023000970058, 121.7563160932013 31.2023000970058))",13,83688.39948224722,2,139841.61319133017,0.0,0.0,0,330.4858921844598,52,1,1
"POLYGON ((121.7563160932013 31.23302982750743, 121.7563160932013 31.26374956675991, 121.7203834818365 31.26374956675991, 121.7203834818365 31.23302982750743, 121.7563160932013 31.23302982750743))",6,31634.58123642521,13,445384.2298950241,111.45881343414815,3677780.531803204,0,231.17026891321785,46,1,1
"POLYGON ((121.7563160932013 31.26374956675991, 121.7563160932013 31.29445930918367, 121.7203834818365 31.29445930918367, 121.7203834818365 31.26374956675991, 121.7563160932013 31.26374956675991))",0,4601.077850856124,0,48678.284080952784,0.0,493478.4743728939,0,0.0,2,1,1
"POLYGON ((121.7563160932013 31.32515904921241, 121.7563160932013 31.35584878129317, 121.7203834818365 31.35584878129317, 121.7203834818365 31.32515904921241, 121.7563160932013 31.32515904921241))",0,11249.115031984997,0,132062.94096583102,0.0,3527832.4002284287,0,0.0,2,1,1
"POLYGON ((121.7563160932013 31.35584878129317, 121.7563160932013 31.38652849988624, 121.7203834818365 31.38652849988624, 121.7203834818365 31.35584878129317, 121.7563160932013 31.35584878129317))",4,52860.240385728,0,85812.87998913866,262958.7675746592,4708419.068314156,0,0.0,22,1,1
"POLYGON ((121.7563160932013 31.38652849988624, 121.7563160932013 31.41719819946523, 121.7203834818365 31.41719819946523, 121.7203834818365 31.38652849988624, 121.7563160932013 31.38652849988624))",0,28613.84944122051,0,0.0,0.0,49740.2496158314,0,0.0,2,1,1
"POLYGON ((121.7563160932013 31.41719819946523, 121.7563160932013 31.44785787451704, 121.7203834818365 31.44785787451704, 121.7203834818365 31.41719819946523, 121.7563160932013 31.41719819946523))",0,23420.73522704361,0,0.0,0.0,0.0,0,0.0,0,1,1
"POLYGON ((121.7563160932013 31.44785787451704, 121.7563160932013 31.47850751954186, 121.7203834818365 31.47850751954186, 121.7203834818365 31.44785787451704, 121.7563160932013 31.44785787451704))",0,23420.73522704361,0,0.0,0.0,0.0,0,0.0,0,1,1
"POLYGON ((121.7563160932013 31.47850751954186, 121.7563160932013 31.50914712905314, 121.7203834818365 31.50914712905314, 121.7203834818365 31.47850751954186, 121.7563160932013 31.47850751954186))",0,8608.491340880533,0,0.0,0.0,0.0,0,0.0,10,1,1
"POLYGON ((121.792248704566 30.98691269999999, 121.792248704566 31.01771221189863, 121.7563160932013 31.01771221189863, 121.7563160932013 30.98691269999999, 121.792248704566 30.98691269999999))",0,55284.2149075587,0,0.0,0.0,0.0,0,1768.0558844609773,33,1,1
"POLYGON ((121.792248704566 31.01771221189863, 121.792248704566 31.04850177197812, 121.7563160932013 31.04850177197812, 121.7563160932013 31.01771221189863, 121.792248704566 31.01771221189863))",24,66152.1294981841,6,1623054.055013387,0.0,0.0,0,413.2407479573441,82,1,1
"POLYGON ((121.792248704566 31.04850177197812, 121.792248704566 31.07928137456562, 121.7563160932013 31.07928137456562, 121.7563160932013 31.04850177197812, 121.792248704566 31.04850177197812))",39,77259.21661196022,39,2455417.16612822,17686.844547061177,0.0,1,0.0,135,1,1
"POLYGON ((121.792248704566 31.07928137456562, 121.792248704566 31.11005101400166, 121.7563160932013 31.11005101400166, 121.7563160932013 31.07928137456562, 121.792248704566 31.07928137456562))",5,76136.47026578935,12,492339.6131930983,0.0,332855.4027734586,0,0.0,30,1,1
"POLYGON ((121.792248704566 31.11005101400166, 121.792248704566 31.14081068464005, 121.7563160932013 31.14081068464005, 121.7563160932013 31.11005101400166, 121.792248704566 31.11005101400166))",0,67319.40290320005,4,1401357.3151999402,163244.20487663394,6926560.249953564,3,0.0,34,1,1
"POLYGON ((121.792248704566 31.14081068464005, 121.792248704566 31.17156038084794, 121.7563160932013 31.17156038084794, 121.7563160932013 31.14081068464005, 121.792248704566 31.14081068464005))",2,63728.258500855234,0,28761.01411080592,113080.42515115556,3900816.406419749,0,0.0,16,1,1
"POLYGON ((121.792248704566 31.17156038084794, 121.792248704566 31.2023000970058, 121.7563160932013 31.2023000970058, 121.7563160932013 31.17156038084794, 121.792248704566 31.17156038084794))",0,73151.76301742304,1,112170.42882284532,0.0,61926.97202615044,0,0.0,18,1,1
"POLYGON ((121.792248704566 31.2023000970058, 121.792248704566 31.23302982750743, 121.7563160932013 31.23302982750743, 121.7563160932013 31.2023000970058, 121.792248704566 31.2023000970058))",0,37770.459622818,1,0.0,0.0,0.0,0,0.0,9,1,1
"POLYGON ((121.792248704566 31.29445930918367, 121.792248704566 31.32515904921241, 121.7563160932013 31.32515904921241, 121.7563160932013 31.29445930918367, 121.792248704566 31.29445930918367))",0,2822.819261442258,0,86936.07601820996,0.0,570939.3515118901,0,0.0,0,1,1
"POLYGON ((121.792248704566 31.32515904921241, 121.792248704566 31.35584878129317, 121.7563160932013 31.35584878129317, 121.7563160932013 31.32515904921241, 121.792248704566 31.32515904921241))",0,54159.110068011854,0,329492.9105487154,0.0,1500201.2333789803,0,0.0,27,1,1
"POLYGON ((121.792248704566 31.35584878129317, 121.792248704566 31.38652849988624, 121.7563160932013 31.38652849988624, 121.7563160932013 31.35584878129317, 121.792248704566 31.35584878129317))",0,26298.84589472348,0,752260.043225288,0.0,144176.21735104691,0,115.652557671811,12,1,1
"POLYGON ((121.792248704566 31.38652849988624, 121.792248704566 31.41719819946523, 121.7563160932013 31.41719819946523, 121.7563160932013 31.38652849988624, 121.792248704566 31.38652849988624))",0,0.0,0,0.0,0.0,17292.537456074308,0,0.0,0,1,1
"POLYGON ((121.792248704566 31.44785787451704, 121.792248704566 31.47850751954186, 121.7563160932013 31.47850751954186, 121.7563160932013 31.44785787451704, 121.792248704566 31.44785787451704))",0,37710.66945713991,0,0.0,8121.817182246685,0.0,0,5501.568818342749,2,1,1
"POLYGON ((121.792248704566 31.47850751954186, 121.792248704566 31.50914712905314, 121.7563160932013 31.50914712905314, 121.7563160932013 31.47850751954186, 121.792248704566 31.47850751954186))",0,16974.019725962058,0,0.0,0.0,0.0,1,2428.794509023088,7,1,1
